username,similarity,validation
wagefreedom,0.733379003357,0
adambienkov,0.73209675455,0
thestalwart,0.727244071309,1
memetsimsek,0.726180602134,?
paleofuture,0.722488646096,0
maggielake,0.722403698579,1
brennandturner,0.721076587353,1
shiraovide,0.720382534818,1
katie_martin_fx,0.719709170075,0
meropemills,0.719707227528,0
