username,similarity,validation
michaelpachter,0.990045417314,1
nicolas_veron,0.989152412962,1
epicgames,0.988821496677,0
fbonacci,0.988299052533,0
odtorson,0.986787638419,1
financialsamura,0.986467070224,1
juliadavisnews,0.985263876188,0
jackpalmeri,0.983902972336,1
jmackin2,0.983751786093,1
leftoutside,0.98309960955,1